Name,Email,Date,Country,Age
Anthony Santos,dgarcia@example.org,1981-04-17,Qatar,59
James Pham,fernando01@example.com,1992-09-09,Netherlands,26
Jesus Brown,linda92@example.org,2016-03-04,British Virgin Islands,55
Tracy Jackson,fhorton@example.net,1973-08-24,Trinidad and Tobago,32
Preston Durham,abigailkent@example.com,1985-05-23,Brunei Darussalam,20
Jacob Lee,wagnersean@example.org,2007-05-16,Georgia,54
Alison Johnson,manuelbrown@example.net,2012-12-04,Micronesia,22
Kimberly Edwards,anthony26@example.org,2003-03-24,Barbados,46
Donna Robles,qmack@example.com,2006-07-10,Vanuatu,69
Nicole Hensley,michael32@example.net,1977-12-08,Tanzania,23
Erin Weiss,william97@example.org,1981-08-06,Dominican Republic,44
Jacqueline Miller,bryantpatricia@example.org,1999-01-14,Tonga,36
Amanda Roman,marie92@example.com,1988-01-30,Bahamas,44
James Webb MD,gregory65@example.net,1985-01-03,Mali,18
Melinda Stuart,phillip14@example.com,1975-03-27,Bouvet Island (Bouvetoya),37
Kaitlyn Miller,xholmes@example.org,2010-12-13,Northern Mariana Islands,60
Annette Duffy,hayesanna@example.net,1998-02-13,Morocco,55
Melanie Saunders,whiteryan@example.org,1974-04-04,Belarus,64
Todd Miller,lmason@example.net,1987-08-13,Ethiopia,31
Melissa Singh,moniqueburns@example.org,2012-07-18,Nigeria,25
Kiara Pace,monicawalls@example.com,2000-10-04,Cuba,42
Noah Smith,kristenreyes@example.net,2014-01-06,Guadeloupe,18
Lisa Smith,duranamanda@example.com,1998-09-11,Guatemala,51
Robert Clark,ckeith@example.org,1988-03-10,Pakistan,69
Sherry Smith,greenkelsey@example.org,1980-01-21,Benin,36
Julie Fox,snyderjennifer@example.org,1970-12-09,Liberia,56
Jack Thornton,clinedale@example.com,1979-02-13,United States Minor Outlying Islands,69
Amanda Davenport,wesleycoleman@example.org,1985-04-28,Tanzania,22
Martin Castro,gloverdaniel@example.net,2020-06-25,Finland,42
Maria Alexander,antonio96@example.org,2000-07-07,Palestinian Territory,69
Wayne Scott,omarcruz@example.com,2021-01-17,Russian Federation,39
Laurie Hardy,zfuller@example.net,2010-08-31,Sweden,62
Ronald Lee,jillparker@example.net,1975-06-19,Poland,18
Stacey Flynn,davidsimmons@example.org,1985-09-28,Germany,59
Sarah Clark,burnettnicholas@example.com,1981-07-27,Kazakhstan,70
Sara Rodriguez,bblack@example.net,2020-11-30,Cocos (Keeling) Islands,64
Gabriel Smith,jonathan05@example.com,1975-03-16,Yemen,26
Jimmy Harris,dawn57@example.com,1992-06-01,Senegal,23
Steven Russell,michaelsandoval@example.com,1978-07-19,Bahamas,33
Mark Hill,joseph75@example.com,1976-08-27,Christmas Island,64
Ronald Ayala,cherylmahoney@example.org,1996-12-18,Ireland,49
Lisa Wilson,mreed@example.net,2011-02-14,Chile,49
Linda Dominguez,qboyd@example.net,1978-11-06,Afghanistan,27
Aaron Lopez,psmith@example.com,2001-02-26,Chad,29
Karen Mitchell,jgonzalez@example.net,1988-10-09,Nepal,20
John Olson,ronald99@example.org,1999-08-14,Bahamas,59
Jeffrey Foster,dominguezmichael@example.com,1983-05-18,Guernsey,54
Heather Romero,jason35@example.com,1992-08-16,Maldives,41
Kayla Gates,vmoreno@example.org,2015-08-02,Uganda,53
Pamela Johnson,ujohnson@example.net,1971-09-01,Namibia,37
Robert Harris,andersencassidy@example.com,2021-12-31,Kazakhstan,30
Philip Ray,velazquezscott@example.org,2006-09-05,Romania,66
Michael Wilson,christopherhancock@example.com,1997-12-19,Slovakia (Slovak Republic),21
Dr. Joanna Page,fcooper@example.org,2021-07-17,Germany,66
Alexis Brown,alexandra74@example.org,1984-03-10,Gibraltar,34
Shelia Lopez,xharris@example.net,1976-12-01,Suriname,34
Elizabeth Holt,linda47@example.net,1973-05-31,Comoros,29
Mark Thomas,hthompson@example.net,1985-01-25,Canada,22
Shannon Haynes,jenniferfriedman@example.com,2020-04-07,Saudi Arabia,58
Karen Vazquez,lmcknight@example.org,1976-01-01,Cambodia,66
David Dunn,marnold@example.org,1976-09-17,Russian Federation,18
Alexandra Meza,pricelisa@example.com,2009-06-29,Swaziland,49
Shane Farrell,ycooper@example.net,2012-08-21,Afghanistan,23
Johnathan Campbell,mpetty@example.org,1985-08-29,Central African Republic,66
Todd Parker,nicholascruz@example.org,1996-10-20,Moldova,51
Ann Watts,andrew80@example.com,2012-01-11,Gabon,32
Michelle Salazar PhD,brewershane@example.org,2000-10-21,Chad,31
Joshua Hudson,mlowe@example.net,2007-10-24,Comoros,55
Ray Branch,robert89@example.net,2005-07-27,United States Virgin Islands,26
Tiffany Soto,stephaniedrake@example.org,1974-01-29,Spain,25
Kenneth Moore,michaelcampbell@example.org,1973-11-23,Malaysia,56
Brandon Coleman,ljohnson@example.net,2006-01-31,Sudan,30
Nicole Luna,chelsea72@example.com,1987-01-18,Algeria,45
Austin Mills PhD,ericjensen@example.net,2004-04-12,Panama,31
Joseph Murphy,patricia33@example.com,2002-09-30,Romania,28
Dennis Hernandez,jeff16@example.com,2016-04-28,Haiti,32
Jessica Campbell,vcooper@example.com,2012-03-23,Peru,31
Jason Gates,zachary72@example.org,1983-09-23,Hungary,19
David Cole,olivia99@example.org,2000-02-21,Equatorial Guinea,70
Lisa Lewis,xthomas@example.org,1982-02-18,Japan,70
Rhonda Taylor,kramirez@example.net,1990-09-17,Bouvet Island (Bouvetoya),23
Christina Richmond,ocarrillo@example.com,1973-11-05,United States Virgin Islands,30
David Gardner,michael14@example.com,1973-06-19,Yemen,19
Christopher Freeman,spencer38@example.net,2005-02-15,Costa Rica,44
Jennifer Ford,jimenezkelly@example.net,1985-11-16,Chad,69
Lindsey Buck,hamiltonjesse@example.com,2013-11-04,Turkmenistan,35
Kristin Shepherd,kristenharrell@example.com,2018-11-15,South Africa,59
Randy Roman,lpalmer@example.com,1990-10-10,French Southern Territories,43
Jason Thompson DDS,wnelson@example.com,1990-12-07,Solomon Islands,30
Melissa Reyes,zyork@example.net,1979-10-10,Peru,33
Kimberly Byrd,lindseyalexander@example.com,2007-06-11,Sao Tome and Principe,51
Paula Hayes DDS,xbrown@example.com,1999-03-22,Kuwait,64
Sarah Wolfe,yfreeman@example.net,1990-05-07,Belgium,42
Jared Miller,ginabecker@example.net,1974-01-21,Guadeloupe,59
Philip Cooper,pkeller@example.com,1977-02-02,Guadeloupe,51
Jennifer Hale,mossmelissa@example.net,1982-07-31,Congo,49
Ethan Melendez,lgibson@example.net,2021-07-04,Turkmenistan,34
Dana Lopez MD,berryerik@example.org,1998-01-07,Tuvalu,63
Megan Davis,shannon59@example.net,1992-10-11,South Africa,59
Ashley Campbell,dbrown@example.com,2000-09-16,Palestinian Territory,31
Meredith Mcdaniel,rparker@example.org,2022-12-15,Ecuador,44
Alison Randolph,adam01@example.org,2006-04-29,Comoros,46
Christine Hansen,cindyparker@example.net,2016-09-17,Greenland,66
Christopher Brown,deborah04@example.com,1972-06-25,Slovakia (Slovak Republic),40
Lisa Weaver,xpatterson@example.com,1973-10-13,Liechtenstein,30
Jason Williams,lynnlambert@example.org,2007-06-21,Tuvalu,48
Omar Collins,johnsimon@example.com,1977-04-04,Turks and Caicos Islands,56
Michael Powers,matthewskevin@example.net,1981-06-18,Panama,22
Erin Jordan,xreyes@example.com,2004-06-10,Slovakia (Slovak Republic),46
Edward Smith,gbrady@example.org,2020-06-05,Bouvet Island (Bouvetoya),63
Mrs. Lisa Mcpherson,bortega@example.com,1996-10-30,Kenya,30
Raymond West,misty92@example.com,1987-11-18,Niger,65
Robert Price,michael73@example.com,1990-10-02,Indonesia,20
Micheal Stokes,tyler65@example.com,1975-03-19,Reunion,33
Jordan Medina,hperry@example.org,1989-06-14,Nicaragua,61
Lonnie Fisher,prush@example.com,2013-07-30,Kuwait,40
Robert Choi,matthew37@example.com,1974-01-29,Bahamas,49
Phillip Murray,morrisbetty@example.net,2017-05-06,Hong Kong,25
John Little,kristen90@example.net,2001-02-14,Botswana,42
Donna Carpenter,tomwilson@example.com,2006-10-17,Saint Martin,29
Michael Turner,danielbell@example.org,2014-11-26,Bouvet Island (Bouvetoya),68
Jennifer Mcgee,cwelch@example.com,1993-08-01,Sweden,20
Matthew Ray,sherri22@example.com,1991-02-04,Cambodia,33
Casey Howard,wolfkathryn@example.com,2023-01-08,Liberia,49
Mr. Joseph Powell DDS,jdaniels@example.com,2021-10-19,Bouvet Island (Bouvetoya),20
Cheryl Lopez,jacksonmolly@example.org,2002-07-07,Sri Lanka,65
William Pearson,joshuahenderson@example.org,1979-09-26,Norway,27
Andrew Greene,scottlee@example.net,1974-08-21,Sierra Leone,25
Gregory Lyons,bonillarichard@example.net,2018-05-22,Guyana,52
Bridget Long,brownwendy@example.com,2014-10-08,Chile,18
Melissa Boyle,yolanda56@example.com,1982-08-29,Tanzania,48
Jeffrey Phillips,mooreadrian@example.com,1972-04-10,Greece,66
Kristin Davis,normantaylor@example.com,1972-12-14,Colombia,50
Jerry Owen,imartin@example.org,1997-05-28,Bermuda,50
Joseph Phillips,yramirez@example.net,1995-06-23,Aruba,39
John Jordan,christophermartinez@example.com,1999-06-05,Guadeloupe,32
Melissa Miller,jessica18@example.org,1995-08-17,Martinique,37
Stephanie Woods,wallen@example.com,1973-12-09,Bouvet Island (Bouvetoya),47
Nicholas Wright,markgonzales@example.com,1994-08-16,Cape Verde,38
Sarah Peterson,jennylarson@example.org,1990-04-12,Senegal,70
Chad Guzman,stevenbarnes@example.com,1994-03-19,Indonesia,42
Jonathan Patterson,sherrihudson@example.net,2017-03-20,Hong Kong,58
Austin Jones,kyle54@example.org,2019-11-10,Gabon,53
Calvin Hill,wilcoxlogan@example.com,1987-08-01,Peru,69
Theresa Cooper,danielbarker@example.net,1997-02-10,Tonga,61
April Howard,karen49@example.org,1984-01-30,Comoros,23
Andrea Smith,duncannicole@example.org,2013-11-05,Kuwait,51
Hailey Chase,james78@example.net,1997-03-01,El Salvador,42
Joel Schmitt,williamsmiranda@example.com,1981-03-06,Ethiopia,43
Edward Jones,briggsjason@example.org,1986-08-29,Niue,58
Justin Johnson,pbaker@example.org,1986-04-21,Costa Rica,49
Tyrone Cruz,daniellegarcia@example.com,2000-10-17,Turkey,26
Alan Lin,rebeccamiller@example.net,1978-08-11,Belgium,64
Brenda Mccann,christopher84@example.net,2008-07-02,Indonesia,49
Kimberly Romero,kristi73@example.net,1989-04-17,Tajikistan,44
Stacie Lucero,nicholas91@example.org,1983-07-25,Azerbaijan,31
Megan Hardy,donnawood@example.org,1996-08-08,Israel,60
Matthew Pitts MD,ystokes@example.com,2017-12-03,Australia,32
Sue Dickerson,phillipsclarence@example.net,1975-09-22,Albania,58
Laura Nguyen,juliebond@example.org,2018-05-08,Montenegro,68
Peter Knox,elizabeth45@example.net,1983-05-17,Saint Lucia,52
Kirk Young,ewilson@example.com,2001-02-10,Bulgaria,44
Dana Maxwell,ehernandez@example.com,2024-05-21,Micronesia,70
Courtney Baxter,boonepatricia@example.com,1975-12-22,Iran,65
Kyle Cruz,meyersmark@example.com,2003-07-20,Nepal,60
Wendy Barnes,michaelmarshall@example.net,1984-12-05,Burundi,40
James Lowe,leetammy@example.com,2020-03-26,Guadeloupe,53
Jordan Ortiz,rachelfowler@example.net,1978-07-18,Mali,23
Brandon Dickerson,anthony30@example.com,1970-02-25,Saudi Arabia,56
Donna Stewart,xjohnson@example.net,1985-10-10,Grenada,19
Kathleen Lee,abowers@example.net,2006-10-16,Cambodia,27
Dawn Jarvis,leonardmaxwell@example.org,2012-06-10,Slovakia (Slovak Republic),18
Elizabeth Hoover,kaylee04@example.net,1980-02-18,Bulgaria,22
Ryan Thompson,isaiah58@example.org,2008-11-17,Turks and Caicos Islands,55
Molly Perry,barbarafields@example.org,2014-07-19,Spain,58
Terri Thompson,sheilabrown@example.com,2006-02-24,Heard Island and McDonald Islands,54
Ruth Lee,jason15@example.com,2008-10-23,Ghana,35
Jason Berry,john88@example.net,1995-12-10,Guatemala,39
Daniel Schaefer,williamsarthur@example.net,2010-01-31,Suriname,55
David Merritt,zacharymendez@example.com,1994-11-17,Guatemala,64
Hannah King,felicia50@example.com,2001-09-04,Turkey,44
Derrick Smith,iramirez@example.org,1992-08-23,Bermuda,46
Jonathan Mayo,dennis27@example.com,1983-03-09,Gambia,58
Amanda Hamilton,emily36@example.net,1971-03-31,Morocco,24
Richard Hines,mauricerichardson@example.net,1981-11-10,Tunisia,36
Robin Cobb,rodriguezjames@example.com,2016-02-09,Australia,20
Maria Leach,cantrellkim@example.org,2013-07-11,Myanmar,55
Helen Brown,connor59@example.org,1985-11-28,Uruguay,37
Monica Wright,denisejones@example.net,1998-11-29,Gambia,34
Erik Garcia,dylanthompson@example.org,1974-11-23,Syrian Arab Republic,44
Caitlin Watson,fmiller@example.net,2018-11-04,Aruba,18
Whitney Chavez,lhahn@example.com,2019-08-19,United Kingdom,28
Brian Phillips,turnerrobert@example.com,2003-10-31,Azerbaijan,24
Kenneth Evans,jenkinskatherine@example.net,2009-03-19,Namibia,23
Pamela Bean,paul12@example.com,1976-09-05,South Georgia and the South Sandwich Islands,40
Misty Smith,mmays@example.com,2022-06-22,Macao,45
Jesus Hunt,nwatts@example.com,2024-07-14,Luxembourg,40
Kelly Grant,amymendoza@example.com,1973-12-21,Romania,47
Daniel Stanley,taylorsimmons@example.net,1988-05-07,Norfolk Island,37
Michelle Callahan,kelly29@example.net,1988-09-18,Micronesia,43
Jonathan Craig,powellmatthew@example.org,1976-10-11,Sweden,48
Laura Randolph,drowe@example.com,2020-08-10,Burkina Faso,40
Deborah Washington,jacksonbecky@example.org,2009-04-25,French Southern Territories,43
Victor Todd,wvincent@example.com,1980-07-31,Swaziland,47
Darrell Miller,debra75@example.com,1972-08-09,Moldova,48
Fernando Brown,syoung@example.org,2000-02-16,Burundi,42
Monica Rodriguez,anthonyhoward@example.org,1982-12-24,Comoros,43
Chad Moreno,xdavis@example.net,2003-05-17,United Kingdom,48
Lindsey Gregory,bryan02@example.com,2009-06-10,San Marino,18
Stephanie Harvey,fernandezstephanie@example.net,1975-02-24,Benin,32
Ryan Spencer,wheelersarah@example.org,1992-06-06,Tokelau,21
Michael Arnold,chloe79@example.org,2001-11-29,Lao People's Democratic Republic,28
Angela Castro,riverajustin@example.com,2020-03-03,Israel,59
Dawn Turner,lmarshall@example.org,2019-08-23,Mozambique,58
Adam Allen,wendyhuff@example.org,2005-02-14,Zimbabwe,23
Alyssa Price,smithmeghan@example.com,2012-05-30,Bolivia,63
Christopher Rivas,wcarter@example.org,1989-05-19,Turkey,46
Jesse Mckinney,morganmorrow@example.net,2013-04-09,Korea,36
David Barber,daniellethomas@example.net,2018-02-23,Luxembourg,51
Penny Peterson,ocoleman@example.net,1979-07-15,Somalia,54
Judy Holloway,fosternicholas@example.com,1990-07-15,Equatorial Guinea,18
Dr. Catherine Shepard,garciaroger@example.org,2002-01-13,Ecuador,25
Jose Jones,amandarandolph@example.org,1987-10-01,Barbados,24
Nicholas Hines,mary75@example.com,1996-07-28,Netherlands,21
Carol Paul,edward57@example.net,2020-01-01,Nepal,48
Patrick Stone,laura08@example.com,2001-12-01,Kenya,47
Belinda Martinez,cgonzalez@example.net,1984-01-09,Finland,45
Veronica Meadows,nicholasvasquez@example.net,2003-04-07,Finland,70
Ryan Gutierrez,moorewhitney@example.com,1989-09-18,Rwanda,60
Kayla Ortiz,xbarber@example.org,2006-11-14,Solomon Islands,20
Eric Le,mcdowelljohn@example.com,1993-12-03,Puerto Rico,46
James Flores,pfitzgerald@example.org,2022-12-26,Dominica,48
Tyler Moore,boltonelizabeth@example.org,2010-09-21,Nepal,62
Willie Arias,brian49@example.com,1992-04-24,Burundi,37
Jennifer Edwards,nelsonangela@example.com,1996-03-26,Germany,52
Sandra Howard,tony03@example.org,1979-01-21,Cameroon,60
Taylor Jones MD,sandra34@example.org,1979-12-11,New Zealand,27
Molly Newman,julie95@example.com,1999-11-15,Northern Mariana Islands,36
Brandon Barajas,royharrington@example.org,1980-07-05,Bermuda,43
Amy Mcgrath,lpeterson@example.com,1979-12-06,Tonga,51
Lauren Brown,taylor19@example.org,2007-09-14,Palestinian Territory,54
Jeremy Armstrong,russell30@example.com,1991-08-04,Bangladesh,69
Michelle Willis,jonathanherrera@example.com,1977-09-27,American Samoa,29
Tina Smith,todd73@example.org,2011-04-06,Aruba,24
Christina Case,michaelhernandez@example.org,2016-09-15,Falkland Islands (Malvinas),45
Jonathan Norman,ubrown@example.org,1983-03-03,Canada,69
Jose Anderson,burnsbrandon@example.com,2005-12-11,United States of America,29
Lisa Huff,wellsangela@example.com,2013-01-29,Heard Island and McDonald Islands,64
Sean Cortez,lhogan@example.net,2016-10-02,Slovakia (Slovak Republic),48
Timothy Garcia,garcialisa@example.net,1997-03-22,British Indian Ocean Territory (Chagos Archipelago),29
Michelle Thompson,kennethjohnson@example.com,1988-06-16,French Polynesia,58
Sarah Thomas,petermartinez@example.net,1988-06-03,Zambia,59
Raymond Cruz,elizabethwilliams@example.org,1974-12-17,Uzbekistan,29
Joshua Rodriguez,onelson@example.org,1975-12-12,Russian Federation,32
Clinton Hess,todd29@example.org,1990-01-27,Andorra,57
Edward Lopez,patricia17@example.net,1990-07-12,Argentina,54
Joshua Melton,mary87@example.com,2004-05-20,Tonga,20
Nichole Vaughn,bakerlinda@example.net,2012-03-02,Saint Pierre and Miquelon,35
Carol Blanchard,gibbsnicholas@example.org,1996-04-09,Germany,68
Debbie Bryant,robertsbrian@example.com,2011-08-22,New Zealand,18
Kimberly Carter,josephhawkins@example.com,2001-05-22,Malawi,18
Jeffrey Thomas,ramirezmonica@example.org,1977-02-25,Chile,70
Kristin Bailey,dana58@example.net,1991-03-24,Denmark,28
Brian Charles,hudsonoscar@example.net,1986-07-19,Eritrea,59
Eileen Perez,robertmacias@example.net,1974-02-20,Faroe Islands,27
Andrew Romero,donaldbrown@example.net,2001-12-11,Korea,51
Scott Hudson,aimee86@example.org,1978-08-08,Guatemala,70
Christopher Lewis,allison72@example.net,2007-11-10,Ukraine,63
Dillon Velasquez,rhardin@example.org,1995-12-14,Northern Mariana Islands,26
Matthew Ho,kelly43@example.com,2010-08-10,Bermuda,37
Diana Garner,robert47@example.org,1987-09-28,French Southern Territories,66
Dawn Adams,catherinewalker@example.com,1974-01-10,Palestinian Territory,43
Heather Williams,jesseschultz@example.net,2022-11-09,Trinidad and Tobago,20
Jacqueline Carlson,jennifer33@example.org,1998-03-17,Chile,64
Dennis Evans,rhondarivera@example.net,1997-05-23,Heard Island and McDonald Islands,66
Jay Ramos MD,cookcaroline@example.com,1981-07-03,Poland,59
Amanda Mccarthy,nicolerodriguez@example.net,2004-12-16,Egypt,63
Amy Lopez,lopezcatherine@example.net,2014-03-23,Serbia,31
George Kerr,okim@example.com,1989-10-07,Solomon Islands,64
Patricia Aguilar,mcain@example.org,2024-06-06,Svalbard & Jan Mayen Islands,50
Amy Reyes,gpatel@example.net,1998-11-20,Christmas Island,69
Traci Steele,omiranda@example.net,1993-02-18,Egypt,23
Stephen Perkins,jessica44@example.com,2000-12-23,Yemen,57
Tyler Jimenez,larryjones@example.org,1996-10-24,Latvia,23
Kimberly Mitchell,christine62@example.net,2019-11-05,Iraq,25
Andrew Thornton,david72@example.org,2000-03-16,Vietnam,46
Lauren Miles,frazierbrenda@example.org,2006-10-31,Grenada,65
Stacy Lucas,levinejacqueline@example.com,2012-11-08,Saint Martin,63
Timothy Bowman,edward65@example.net,1971-07-28,Gibraltar,20
Daniel Flores,kaufmancory@example.com,1973-02-01,Samoa,43
Jamie Santos,michael58@example.org,1998-12-10,Palestinian Territory,42
Laura Bennett,melissa45@example.org,2020-05-28,Romania,21
Kevin Robinson,riveraderek@example.net,1988-08-09,Thailand,41
Lance Lewis,richardsonnicholas@example.org,1971-08-10,Iceland,56
Kaitlin Olson,curtismitchell@example.org,1986-10-07,Guinea-Bissau,34
Jessica Vega,matthew66@example.net,1998-12-15,Sudan,29
Crystal Walker,sara59@example.net,2017-04-02,Chad,22
Gina Wilson,shorton@example.net,1997-05-25,Sweden,43
William Beard,rochalaura@example.com,1990-02-28,Pitcairn Islands,34
Daryl Harper,sparkspaul@example.org,2011-06-10,Bolivia,66
David Harmon DDS,howellgregory@example.org,2007-10-04,Cambodia,27
Bethany Burton,sharonkim@example.org,2023-05-04,Kenya,21
Olivia Wilson,diana22@example.org,1977-05-21,Guernsey,51
Sara Ross,alexdavis@example.net,1971-01-11,Hungary,46
Melissa Manning,michael46@example.net,1990-09-18,Georgia,21
Lorraine Stuart,vjohnson@example.com,2000-04-07,Bahamas,40
Cody Myers,vanessamiller@example.org,2002-08-19,Liechtenstein,50
Lisa Roberts,rodriguezcharles@example.com,1995-01-28,Estonia,24
Richard Aguirre II,leonardbaker@example.com,1990-05-29,Algeria,42
Sheryl Adams,dwood@example.net,1972-10-31,Russian Federation,60
John Hoffman,alexandrabryant@example.org,1982-12-16,Saint Martin,64
Jennifer Fischer,ischneider@example.org,2017-04-02,South Georgia and the South Sandwich Islands,58
Jeremy Shelton,ustanley@example.org,1996-09-29,Mauritania,20
Richard Sloan,rosenelson@example.net,1983-04-02,Antarctica (the territory South of 60 deg S),20
Janet Farrell,blopez@example.net,1990-11-09,Portugal,43
Megan Davis,jameswarren@example.org,2020-03-30,Northern Mariana Islands,46
Brooke Hill,nathanielbarr@example.com,1986-10-16,Costa Rica,55
Danielle Paul,rachel72@example.com,2005-11-13,Saint Helena,69
Mary Monroe,katherine07@example.net,1986-03-11,Reunion,22
Dr. Rebecca Dean MD,marissadavis@example.org,1986-04-15,Afghanistan,44
Jesse Rose,claytonrobert@example.org,1983-10-31,Vietnam,60
Brian Weaver,mlarson@example.org,1995-09-20,Switzerland,69
John Gordon,ltaylor@example.net,2024-02-06,Bangladesh,38
Larry Black,oharrison@example.com,1991-12-30,Guinea-Bissau,41
Isaiah Williams,aho@example.org,2009-12-11,Palestinian Territory,31
Michael Johnson,valeriedunn@example.org,2015-10-09,British Virgin Islands,28
Noah Villegas,seanmccarthy@example.org,1987-11-07,Denmark,59
Matthew Anderson,tamaracolon@example.net,2003-07-13,Ghana,61
Brent Olson,uboyd@example.net,2004-05-17,Mexico,40
Michael Brown DDS,crodriguez@example.com,1970-06-14,Saint Pierre and Miquelon,38
Richard Martin,huffamber@example.com,1988-06-10,Jordan,50
Shari Cummings,joannamosley@example.com,1990-06-14,Austria,25
Terry White,gregory32@example.net,1992-06-29,Germany,24
Alex York,sarah22@example.com,2019-05-23,Falkland Islands (Malvinas),69
Thomas Clark,greyes@example.com,2016-03-18,Monaco,66
Rachel Key,bgrant@example.com,1975-02-19,New Zealand,37
Walter Thompson,tarasmith@example.com,1996-04-18,Tuvalu,27
April Jefferson,emma35@example.com,1976-12-16,Nigeria,65
Hannah Lopez,ysnyder@example.com,2009-03-09,Burundi,64
Amy Mckenzie,gordonbrittany@example.org,2012-11-25,Tokelau,23
Daniel Walton,smithmike@example.org,2007-08-10,Maldives,25
Brittany Ross,eddieallen@example.org,2015-10-03,Solomon Islands,40
Joseph Lee,danielgarcia@example.com,2023-09-17,Saint Lucia,28
Patrick Morris,jenniferodom@example.net,2001-06-06,Burkina Faso,20
Kristen Lewis,leslie03@example.net,1997-02-24,Argentina,47
Lawrence Davis,callahankelsey@example.net,1998-01-03,Ecuador,45
Gabriel Mccullough,christinamartin@example.com,1975-07-19,Hungary,24
Brenda Flores,garyjimenez@example.net,2023-08-29,Turkmenistan,55
Jonathan Martin,christopher49@example.net,2022-11-21,Rwanda,31
Amber Carr,ljohnson@example.net,1984-01-17,Christmas Island,50
John Walter,deananthony@example.com,2018-07-16,Gibraltar,68
Evan Simon,colinsmith@example.com,2001-08-13,Libyan Arab Jamahiriya,28
Jonathan Miller,stephanie71@example.com,2023-08-21,Cambodia,39
Jeffrey Johnson,james74@example.net,2023-10-07,Palestinian Territory,47
Kevin Meadows,cookrebecca@example.com,1985-09-04,Belarus,18
Emily Byrd,maryrivers@example.com,2007-07-01,Saint Kitts and Nevis,55
Jennifer Welch,nicholas84@example.com,2012-03-20,Uruguay,36
George Green,juan67@example.com,1996-12-18,Costa Rica,36
Nicole Castillo,beckyjones@example.org,1978-11-22,Rwanda,44
Brandy Powell,andrewespinoza@example.com,2022-02-28,Palestinian Territory,28
Aaron Kim,dawnbishop@example.com,2002-03-16,Svalbard & Jan Mayen Islands,53
Rodney Williams,mercadotammy@example.net,1985-01-17,Indonesia,68
Beverly Nichols,morsemisty@example.com,1994-02-07,Turkmenistan,59
Brooke Larson,atanner@example.com,2017-01-19,Tokelau,66
Rose Cherry,yhall@example.net,2017-04-07,Vanuatu,40
Jesse Edwards,zhodges@example.net,1975-01-27,Egypt,67
Elizabeth King,cvalencia@example.com,1973-09-26,China,19
Amy Santana,reyeskaren@example.org,2014-07-22,Serbia,37
Brittany Hunt,mary35@example.com,1991-03-28,Equatorial Guinea,21
Kenneth Salazar,jessica57@example.com,1983-04-13,Liberia,51
Gail Price,racheljohnson@example.org,1985-05-27,Palestinian Territory,55
David Benson,ilopez@example.net,2019-09-09,Mayotte,54
Courtney Burns,robert00@example.org,1994-02-18,Singapore,25
Kevin Wilson,garytaylor@example.org,2001-04-23,South Georgia and the South Sandwich Islands,19
Angela Navarro,omooney@example.org,2023-02-22,Sao Tome and Principe,34
Barbara Solis,nstevenson@example.net,1999-09-21,Sweden,55
Michael Tyler,fjames@example.org,1982-07-06,South Africa,35
Dr. Samantha Tran MD,davisethan@example.com,1990-02-07,Puerto Rico,35
James Jackson,gardnerkeith@example.net,1978-08-06,United States Minor Outlying Islands,64
Samantha Brown,wclements@example.com,1984-01-08,Iran,32
Dennis Ibarra,hollowaychristine@example.com,1974-05-18,Chad,65
Jose Henry,ramirezvictoria@example.com,2023-10-29,Moldova,26
Carrie Alvarez,cfoster@example.org,1987-02-05,Israel,58
James Castro,joshua90@example.org,1985-12-18,Tokelau,31
Joanne Duncan,cstewart@example.com,2002-09-26,American Samoa,70
Travis Alexander,stephanie21@example.org,2010-04-02,Slovenia,28
Jill Schroeder,manuelwells@example.org,1970-07-23,Croatia,64
Charles Campbell,kelseysweeney@example.org,2018-05-09,South Georgia and the South Sandwich Islands,48
Richard Singleton,gabrielle97@example.net,1975-10-22,Lesotho,47
Laura Davidson,wadejeffrey@example.com,2009-07-21,Mexico,27
Jessica Chavez,stephanie35@example.net,1994-02-19,Cook Islands,50
Melissa Roberts,pgarza@example.net,1990-03-10,Korea,40
Sarah Johnson,robertschristina@example.com,1997-08-19,Papua New Guinea,44
Debra Brown,ylopez@example.com,1998-04-18,Kyrgyz Republic,45
Jennifer Burke,pedro58@example.com,1998-09-02,Somalia,58
Lauren Stanley,nicholasgriffin@example.org,1978-05-17,Western Sahara,25
Lisa York,fkerr@example.com,1975-04-21,Kiribati,57
Kelly Vasquez,haleyjoshua@example.org,1995-03-09,Paraguay,49
James Crawford,brandon96@example.net,2005-07-30,South Georgia and the South Sandwich Islands,31
Pamela Young,courtneyhunter@example.com,1978-12-12,Lithuania,18
Melissa Zamora,kyle97@example.org,1983-11-01,Cocos (Keeling) Islands,62
Amber Brown,heather15@example.com,1970-08-03,Syrian Arab Republic,68
Kathryn Good,david95@example.net,1974-06-19,New Zealand,70
Rebecca Vazquez,usmith@example.org,1999-06-22,Mongolia,47
Kelly Long,tmartin@example.org,2007-03-16,San Marino,60
Isabella Shaw,zsmith@example.org,1973-04-07,Ethiopia,24
Matthew Torres,marshallkurt@example.org,1989-03-02,British Virgin Islands,39
Mary Hughes,jose45@example.net,1983-07-12,Turkey,70
Connie Arnold,theodoresullivan@example.org,2013-09-18,Peru,22
Paul Fisher,kramerjordan@example.com,1993-05-13,United Kingdom,32
Lisa Bell,kendra68@example.com,2003-01-31,Lesotho,32
Cory Huff,csosa@example.org,2020-02-04,Afghanistan,25
Laura Smith,sabrina29@example.com,1977-05-11,British Virgin Islands,57
Stephen Lewis,sanchezelizabeth@example.org,2018-05-14,Aruba,56
Randy Hamilton,michaelparker@example.org,1976-01-31,Comoros,42
Lori Trevino,brett27@example.net,2001-06-27,Vietnam,22
Diamond Woodard,mayala@example.com,1975-08-22,Micronesia,29
Christina Cook,jimenezmelissa@example.com,1976-12-04,Netherlands,53
Ronald Morales,jordanashley@example.com,1981-12-03,Gibraltar,32
Amanda Randolph,jfrank@example.net,2009-09-28,Congo,60
Katie Garcia,nfigueroa@example.com,1975-08-04,Slovenia,64
Destiny Cooley,keith15@example.org,1997-01-26,San Marino,33
Sydney Bean,greenejason@example.com,2013-07-12,Afghanistan,55
Melinda White,mary94@example.net,1972-08-22,Norfolk Island,56
Jonathan Mclaughlin,thomasharris@example.com,2018-02-08,Myanmar,40
Hector Rhodes,sarah22@example.com,1982-03-30,Turkey,51
Deborah Jones,kathymartinez@example.org,1977-12-27,Wallis and Futuna,47
Kimberly Johnson,alyssasmith@example.com,2010-08-16,Niue,39
Robert Allen,dennis68@example.com,2018-04-27,Ecuador,28
Mr. Daniel White,brookswilliam@example.com,2012-02-14,Oman,18
Marie Lopez,michael60@example.net,2003-07-01,Anguilla,24
Bruce Walker,lorienglish@example.net,2002-10-23,Syrian Arab Republic,49
Edward Marshall,urobinson@example.com,2020-06-01,Costa Rica,20
Melissa Rogers,wardrebecca@example.net,1977-07-22,Mexico,35
George Thompson,sarahgalloway@example.com,1975-08-08,El Salvador,58
Andrew Page,susanphillips@example.net,2017-03-24,Hungary,48
John Page,erichorton@example.net,1998-01-08,Netherlands,26
Devin Barrera,asalas@example.org,2004-01-20,Iceland,37
Eric Johnson,michaelgonzalez@example.net,1982-11-18,Antarctica (the territory South of 60 deg S),59
Daniel Lee,ashepard@example.com,1976-07-13,Gabon,25
Laura Welch,eroberts@example.org,1980-09-07,Saudi Arabia,62
Michael Williams,sscott@example.net,1971-10-16,Oman,23
Jason Calderon,martinbenjamin@example.com,2002-07-18,Bangladesh,47
Elizabeth Nelson,nanderson@example.com,1973-04-25,South Africa,61
Matthew Rodriguez,robert48@example.net,1986-03-25,Belgium,66
Kelly Miller,joel95@example.org,1989-12-13,Albania,34
Matthew Jones,laura63@example.org,1979-04-12,Libyan Arab Jamahiriya,29
Brian Tucker,lopeztyler@example.org,1974-08-25,Norway,38
Melissa Wood,arroyoallen@example.com,2015-11-10,Yemen,65
Lisa Flores,roblesmichael@example.org,1996-07-31,Nicaragua,53
Crystal Simpson,quinnalexis@example.net,1971-02-04,Iceland,21
Jessica Scott,ryanaguirre@example.org,2024-01-30,Micronesia,32
Whitney Yoder,lindsey79@example.com,1982-11-06,Nauru,46
Jacob Harris,william81@example.org,1993-02-22,France,21
Benjamin Kennedy,pittmanstephanie@example.com,1972-02-15,Iceland,28
Joe Wilkinson,jnguyen@example.org,2009-02-02,Andorra,35
Melissa Harris,christopheradams@example.com,2001-09-10,Seychelles,51
Barbara Williams MD,rlopez@example.org,1991-05-29,Myanmar,57
Nancy Garcia,diana37@example.com,2004-04-22,Latvia,35
Matthew Garcia,nancybailey@example.com,1981-07-21,Ireland,31
Kevin Johnston,brittanyromero@example.org,1983-10-15,Georgia,45
Justin Lewis,zmcpherson@example.net,1981-08-24,Djibouti,22
David Green,thomas76@example.net,2001-08-18,Israel,53
Marissa Carrillo,robertguzman@example.net,2002-06-07,Mali,28
Megan Reeves,harrislawrence@example.org,1976-01-03,Sao Tome and Principe,38
Cheryl Bradshaw,pbernard@example.net,2002-08-27,Finland,21
Michael Lindsey,elizabeth94@example.net,2010-08-24,Korea,26
Adam Powers,millervickie@example.com,2016-07-25,Guinea,66
Breanna Oconnor,jamie37@example.com,1997-04-02,Tajikistan,65
Jacob Diaz,stefanieevans@example.net,1975-06-30,Georgia,68
Dana Jones,martinezlisa@example.net,1989-04-28,Pitcairn Islands,34
Miss Katherine Wright DVM,john99@example.net,2016-06-10,Philippines,50
Thomas Stewart,chamberskimberly@example.com,1981-06-23,Mali,63
Kathy West,nicholas55@example.com,1997-10-30,Cambodia,68
Emily Padilla,lindseystokes@example.org,1970-11-18,Cook Islands,20
Tara Allison,nicholasdavidson@example.org,2006-11-01,Iran,32
David Smith,rgrant@example.net,2008-12-25,Mongolia,32
Melissa Smith,dgarcia@example.com,2016-08-24,Costa Rica,64
George Mitchell,makayla12@example.com,2018-02-18,Kyrgyz Republic,30
Mariah Cook,shannon43@example.net,1985-06-27,Palestinian Territory,46
Kimberly Carlson,sarahjones@example.com,1973-10-19,Chad,48
Russell Lewis,johnsonvictoria@example.net,1981-10-06,Cote d'Ivoire,33
Abigail Hernandez,ian43@example.org,2020-07-06,Djibouti,40
Lawrence Fox,stacy31@example.net,2019-08-17,Monaco,63
Beth Middleton,reedjoseph@example.net,1973-12-23,Bosnia and Herzegovina,26
Ashley Scott,alyssa28@example.net,2010-02-06,Sierra Leone,64
Kelly Robinson,andrea84@example.net,2023-04-21,Netherlands,18
Kevin Thompson,kevin60@example.net,1978-10-16,Guadeloupe,62
Tina Moore,christopher66@example.net,1997-06-27,Saudi Arabia,43
Jaime Nguyen,matthewrodriguez@example.org,1982-11-07,Senegal,24
Mr. Brian Hamilton Jr.,christianmiller@example.net,2020-04-12,Australia,44
Christopher Suarez,twoodward@example.org,1982-09-02,United States of America,28
Lisa Little,manuelmeyers@example.org,1979-08-31,Malaysia,20
Rachel Weaver,icook@example.com,1974-04-20,Bangladesh,44
Alan Peterson,kristi45@example.com,1975-02-16,Mayotte,55
Bradley Robles,peckapril@example.com,2006-10-24,Malawi,31
Michael Simon,chelseamadden@example.org,2006-06-15,Kiribati,28
James Daniels,marc17@example.org,2018-07-08,Costa Rica,69
Jessica York,jenniferhicks@example.com,2009-12-03,Kiribati,66
Christina Nicholson,morrowalbert@example.net,1991-05-05,Svalbard & Jan Mayen Islands,36
David Myers,mirandahogan@example.com,1978-08-27,India,60
Corey Harris,meyerrachel@example.com,2003-01-21,Belgium,31
Justin Parker,gmorales@example.net,1981-10-29,Moldova,22
Andrew Bass,mark10@example.org,1991-10-28,Iceland,48
Jaime Moreno,davidrodriguez@example.org,1990-01-13,Mongolia,52
Steven Harrison,paula91@example.net,2015-09-18,Estonia,60
Nicholas Thompson,jennifersmith@example.net,2001-02-01,Cameroon,38
Christopher Collins,wjackson@example.net,1979-02-19,Kenya,67
Jocelyn Ross,keithjones@example.org,1993-12-19,Bouvet Island (Bouvetoya),24
Rick Thomas,michellehenry@example.com,2000-12-06,Mali,50
Katrina Ramos,calebellis@example.net,2021-12-24,Greece,19
Charles Davis,richard73@example.com,2022-12-03,Luxembourg,64
Thomas Marshall,thomassmith@example.org,1975-10-23,Thailand,70
Adam Price,joneschelsea@example.org,1994-06-29,Poland,24
Bridget Neal,fwarren@example.com,1979-03-19,Micronesia,42
Maurice Cox,sheltonwilliam@example.com,1972-08-14,Faroe Islands,21
Henry Fletcher,kleinchristopher@example.com,1985-10-20,Wallis and Futuna,51
Patrick Oliver,michael57@example.net,1990-06-16,Monaco,24
Miss Nancy Strickland,lewisbarbara@example.com,2007-04-16,Namibia,70
Gabrielle Conley,cindy32@example.com,1974-11-18,Wallis and Futuna,40
Laura Patel,ncohen@example.net,1974-12-05,Armenia,38
Michael Steele,michael39@example.net,1976-06-12,Belize,25
Amy White,austinwilliams@example.com,2024-09-23,Togo,38
Jason Brady,anthony72@example.org,2023-11-08,Peru,20
Erin White,drewrojas@example.org,2011-10-03,Ghana,24
Michelle Flowers,mcleandustin@example.org,1996-07-20,El Salvador,46
Robert Schroeder MD,christopher49@example.net,1987-01-24,Lebanon,43
Eric Nash,chopkins@example.org,2000-05-22,Albania,26
Cameron Vargas,laurapatton@example.org,2016-04-08,Turkey,61
Kimberly Jones,peterslaura@example.net,2014-11-13,Saint Helena,22
Andre Lynn,karen21@example.net,1988-10-29,Suriname,24
Christopher Crosby,morganryan@example.com,2014-11-27,Timor-Leste,47
Charles Christian,markjones@example.org,1974-06-20,Christmas Island,21
Wayne Huffman,sarah58@example.com,1982-03-27,Maldives,69
Ashley Crawford,xeaton@example.net,1984-04-15,British Indian Ocean Territory (Chagos Archipelago),45
Jason Webb,daniellegonzalez@example.com,1989-11-16,Isle of Man,27
Robert Zimmerman,toddanderson@example.org,2012-05-06,Madagascar,36
Carlos West,richardschultz@example.org,2000-05-13,Myanmar,70
Matthew Rodriguez,estradarobert@example.net,2002-03-30,Uganda,69
Courtney Coleman,rubencardenas@example.com,2009-03-04,Saint Helena,39
Allison King,gary77@example.net,1996-10-30,Senegal,28
Heather Olson,mccallkristin@example.net,1990-12-13,Wallis and Futuna,28
Rita Pacheco,sheri56@example.com,2024-10-05,Sri Lanka,61
Steven Anderson,nswanson@example.net,1979-07-11,Fiji,18
Yvonne Ashley,wperez@example.net,1972-02-06,Lesotho,48
Troy Hardy,oneillchristopher@example.com,2010-06-11,Dominica,35
Jorge Gomez,kimberly18@example.com,2023-09-23,Greenland,58
Suzanne Davila,fisheranthony@example.net,1993-10-16,Nauru,63
Diane Velasquez,frodriguez@example.net,1986-08-16,Taiwan,26
Vanessa Ruiz,patricia34@example.org,1974-07-20,Netherlands,63
Heather Hardy,richardmcmillan@example.net,1978-02-08,Cyprus,30
Debra Howe,kristenirwin@example.net,2023-11-19,Croatia,29
Jamie Thomas,tuckerdaniel@example.org,2002-05-26,Austria,58
Jason Grant,operez@example.org,2017-09-21,French Guiana,21
Jennifer Haynes,johngomez@example.net,1983-08-09,Sao Tome and Principe,48
Sarah Stafford,lambdana@example.org,1977-07-02,Japan,67
Michelle Yates,deborah77@example.net,2008-07-30,Philippines,22
Angela Sims,kmoses@example.net,2019-07-04,Nigeria,24
Anthony French,jay77@example.net,1984-07-28,Pakistan,59
Austin Jacobs,matthew18@example.net,2020-12-17,Macao,26
James Smith MD,jessica84@example.net,1984-03-14,Comoros,59
Caitlin Quinn,martinezjessica@example.org,1974-04-15,Peru,33
Marissa Nash,monicatucker@example.net,2024-02-16,Luxembourg,23
Michael Alvarez,whiteryan@example.org,2016-09-10,Guadeloupe,21
Gary Robles,stonekristin@example.org,2013-01-19,Eritrea,54
Sarah Perkins,wintersmichelle@example.com,1995-10-18,Djibouti,68
Shannon Hunter,juliarivera@example.net,2006-02-10,Honduras,42
Jacob Bonilla,wilsonbenjamin@example.com,1996-10-01,El Salvador,29
Jack Jones,davismark@example.org,1996-03-17,Serbia,46
William Smith,kevinsmith@example.net,2023-07-11,Reunion,38
Amber Schmidt,tashahickman@example.net,1981-05-08,Uzbekistan,22
James Washington,michelle09@example.org,2013-10-05,Bahamas,48
Amanda Pratt,ljohnson@example.net,1986-04-08,Montserrat,23
Shawn Lopez,hannah21@example.net,1977-02-14,Ecuador,53
Connie Ruiz,vgalloway@example.org,2012-06-11,Iraq,38
Timothy Shaffer,rogerscharlene@example.com,1984-01-02,United Arab Emirates,26
Megan Simmons,kathrynroberts@example.org,2011-09-17,Korea,59
Aaron Bray,ocannon@example.com,2001-10-21,Switzerland,18
Christopher Weaver,charles04@example.org,1993-07-23,Trinidad and Tobago,22
Hannah Parker,lunakaitlyn@example.com,2018-11-04,Mexico,28
Kristy King,jamesnguyen@example.com,1996-03-05,United Arab Emirates,61
Vanessa Anderson,wardsherry@example.com,2016-09-13,Guernsey,50
Amy Williamson,melissavillegas@example.org,1995-08-08,Myanmar,57
Jeffery Kennedy,pattersonantonio@example.com,1995-03-12,Zimbabwe,45
Ryan Brown,dfoster@example.net,1995-03-07,Kiribati,54
Shelby Carlson,nicholasbrown@example.org,1985-06-20,Cyprus,33
James Newman,tpayne@example.com,1983-05-28,Puerto Rico,34
William Day,morganalison@example.com,2007-12-22,Holy See (Vatican City State),48
Joseph Rice,xflores@example.net,1993-04-28,Malawi,67
Tonya Coleman,amy85@example.org,2020-12-30,Oman,19
Teresa Potter,keith51@example.org,1980-12-07,Guyana,27
Catherine Short DDS,chahn@example.net,2007-05-06,Sierra Leone,37
Christina Perez,rgreen@example.net,1997-08-08,Angola,70
Troy Miller,james29@example.net,2020-04-06,Singapore,43
Carol Wells,charles56@example.org,2013-01-16,Czech Republic,40
Ana Martin,lindsey25@example.com,1970-12-29,Tunisia,47
Matthew Cox,hilljudith@example.net,2022-01-07,Equatorial Guinea,41
Tamara Moran,richardjimenez@example.net,2000-12-11,Andorra,61
Emma Edwards,gina21@example.org,1990-12-20,Chile,56
Ethan Pope,bhill@example.org,2008-07-11,Myanmar,49
Jessica Hall,janetlee@example.org,2001-06-11,Barbados,57
Morgan Anderson,mary72@example.org,1988-07-27,Kiribati,48
Christina Best,smithgina@example.com,1978-01-07,Libyan Arab Jamahiriya,52
Melissa Smith,wrightdenise@example.net,1986-07-25,Argentina,60
Daniel Green,stevensmark@example.org,2013-08-03,Saint Lucia,59
Tina Ramirez,bmedina@example.net,1983-10-04,Guadeloupe,29
David Jimenez,susan44@example.com,1975-05-11,South Georgia and the South Sandwich Islands,30
Crystal Townsend,atkinsonjonathan@example.net,2005-04-07,Lithuania,63
Jennifer Hernandez,marc56@example.com,1990-04-13,Greenland,39
Nicole Miller,jennynavarro@example.org,2023-02-12,Yemen,23
Traci Thompson,jwhite@example.net,1979-05-20,Uzbekistan,50
Dr. Elizabeth Roach,andrea82@example.com,1998-08-05,Kuwait,26
Jody Myers,johnsonchristopher@example.com,1984-04-05,Cape Verde,47
Natasha Cantu,sheilamorrison@example.net,1995-07-30,Mongolia,38
Dr. Molly Ferguson MD,ismith@example.org,1976-05-13,Mozambique,55
Jennifer Garcia,joshuashields@example.org,1970-03-02,Mongolia,49
Angel Moss,dennis64@example.org,1976-12-28,Moldova,65
John Williams,john01@example.org,1981-06-10,Turkey,56
Sheila Baker,elizabethadams@example.net,1986-06-07,Swaziland,69
Lori Patterson,farleymichelle@example.net,1974-10-09,Christmas Island,63
Gabriel Collins,marcomercer@example.com,2007-11-21,Guadeloupe,59
Christopher Wilson,vernon64@example.org,2008-09-22,Nauru,58
Andres Duncan,hwagner@example.net,2021-05-31,Denmark,30
Robert Williams,amy32@example.net,1978-11-03,Turkmenistan,54
Aaron Johns,christiangonzalez@example.net,1997-09-26,Cuba,24
Tammy Watson,chapmanandrew@example.net,2001-04-03,Cuba,27
Gregory Smith,patriciahenson@example.org,2001-07-19,Pitcairn Islands,63
Tara Patterson,qmorris@example.com,1991-10-01,Albania,69
Bryan Reese,paulowen@example.org,2005-03-14,Western Sahara,41
Caroline Martin,joshua12@example.net,1982-09-07,Palau,68
James Smith,shernandez@example.net,2023-06-20,Tokelau,22
Andre Stokes,romerokatherine@example.net,1985-08-06,Maldives,40
Alyssa Foster,gacosta@example.com,2011-03-02,Sri Lanka,35
Jessica Smith,hjohnson@example.com,1989-04-27,French Guiana,43
Ronald Miller,charles14@example.com,1977-03-08,United Arab Emirates,37
Elizabeth Black,gregorymartin@example.com,1979-09-15,New Zealand,45
Kelly Parker,jacksonjennifer@example.com,1982-12-20,Colombia,58
Lauren Jensen,robert01@example.com,2010-10-26,Mauritania,39
Jeffery Lloyd,stevenwise@example.net,2021-03-27,Christmas Island,27
Erin Andrade,barretttroy@example.net,1989-09-06,Burundi,26
Barbara Graham,dickersonlisa@example.net,1987-08-31,Namibia,40
Mitchell Brewer,moralestroy@example.net,1988-09-19,Turkey,21
Brian Smith,boothsharon@example.org,2009-01-26,Australia,62
Bryan Mendoza,osanders@example.net,2020-11-28,Mexico,21
Andrew Taylor,michaelowen@example.com,1972-11-30,Korea,40
Paul Pham,stuart38@example.com,1972-07-13,Burkina Faso,53
Jade Rivera,qwilliams@example.com,1982-05-03,Kenya,54
Julie Nguyen,gwatson@example.net,1991-01-31,Mozambique,51
Curtis Pacheco,davidjordan@example.com,1991-05-30,Honduras,41
Jeremy Bush,john14@example.net,1977-04-28,Trinidad and Tobago,58
Deborah White,cantrelldanielle@example.net,1983-03-22,China,50
Angela Reeves,moniquerodriguez@example.com,2001-12-05,Zambia,21
Russell Taylor,owensashley@example.org,1974-03-15,Benin,47
Shannon Douglas,robertsontimothy@example.com,2016-03-29,Comoros,34
Sarah Franklin,christopherforbes@example.net,2012-07-07,British Virgin Islands,47
Robert Clark,linmary@example.net,1970-07-27,Jordan,23
Sharon Patrick,wolfjason@example.net,1998-04-30,France,39
Elizabeth Cruz,rcunningham@example.com,1991-07-15,Jordan,44
John Rodriguez,michellesanchez@example.com,2005-02-14,Libyan Arab Jamahiriya,56
Monica Jacobs,vincentcooper@example.org,1993-03-02,Niue,62
Deborah Yang,nicole98@example.net,1984-04-17,Iceland,35
Paula Ward,welchjoshua@example.net,2013-10-04,Sao Tome and Principe,66
Betty Gonzalez,stephen02@example.org,2002-06-03,Eritrea,69
Kimberly Hobbs,hickspeter@example.net,1999-08-16,Cape Verde,29
Shannon Barton,davidryan@example.org,1980-12-25,United Kingdom,42
Crystal Maynard,gonzalezkimberly@example.net,1974-02-17,Croatia,32
Brandon Bautista,ruben72@example.com,1995-11-09,Panama,64
Stephanie Carter,carolyn45@example.com,1992-06-08,Comoros,66
Nicholas Kim,stewartteresa@example.net,1990-08-16,Togo,28
Anthony Black,jasondixon@example.org,2020-05-10,Czech Republic,18
Curtis Clark,henry59@example.com,2024-07-05,Samoa,49
Scott Mccormick,patricia09@example.org,1988-04-20,Angola,54
Rachel Lopez,davidwatkins@example.net,1979-09-02,Canada,24
Louis Lowe,benjamin53@example.org,2005-11-25,Wallis and Futuna,18
Jacqueline Morales,hayneslauren@example.org,2000-09-28,Nauru,42
Shannon Mcguire,joncoleman@example.net,2021-03-14,Belgium,44
Joanna Harrison,marvinerickson@example.com,1990-04-01,Lebanon,69
Miss Abigail Pham DVM,charlesmiller@example.com,2020-10-30,Antarctica (the territory South of 60 deg S),35
Wesley Bender,derrick27@example.org,2018-09-08,Mali,22
Ronald Burton,aedwards@example.org,2021-04-17,Montenegro,61
Jennifer Randolph,ericgreen@example.org,2009-12-12,Korea,67
Melissa Greene,williamkramer@example.com,1982-06-08,Georgia,49
Cody Lee,lcannon@example.net,1977-02-03,Costa Rica,56
Christopher Cruz,pfoster@example.com,1973-06-22,Grenada,49
Jackson Bishop,jennifer06@example.com,2008-07-30,Haiti,70
Lisa Davis,christina59@example.com,1990-05-28,Netherlands Antilles,43
Julie Patel,bryanjohnson@example.org,1988-11-29,Netherlands,43
Martin James,logan00@example.net,1996-11-26,Sudan,26
David Soto,jonathandominguez@example.com,2017-01-15,Brazil,59
Richard Oliver,pacejessica@example.com,1995-12-30,Bahrain,25
Kristi Patton,miguel64@example.net,1990-02-12,Papua New Guinea,43
Anne Kelley,ronnie13@example.org,1972-07-22,Switzerland,34
Jerry Lewis,pkelly@example.com,2017-05-05,Djibouti,40
Casey Porter,martinezjoshua@example.org,2016-06-13,Bangladesh,53
Savannah Ward,danielskaitlyn@example.org,1980-05-17,Bosnia and Herzegovina,58
Bryan Cabrera,cartertiffany@example.com,2000-01-25,Jamaica,67
Shane Johnson,morrissierra@example.com,1987-10-25,Bermuda,47
Jackie Wilson,greenjim@example.org,2020-02-23,New Zealand,62
Matthew Flynn,michellemoore@example.org,2021-09-04,Thailand,37
Tyler Rogers,nsimpson@example.com,1990-05-12,Suriname,30
Timothy Cochran,kmccormick@example.net,1984-08-27,United States Virgin Islands,49
Michael Miller,lawsonwilliam@example.org,1980-11-20,Senegal,55
Howard Williams,emilydodson@example.org,1977-02-24,Costa Rica,19
Charles Richardson,shill@example.net,2016-03-22,Cuba,36
Johnathan Johnson,cruzjames@example.net,2006-03-27,Albania,26
Becky Johnson,michaelahess@example.com,2000-03-01,Bangladesh,55
Nicole Petersen,martinezdebbie@example.com,2012-05-28,Vanuatu,32
Mark Mann,xmiles@example.com,2002-02-14,Luxembourg,18
Gregory Rhodes,andersondavid@example.com,1997-06-19,Angola,62
Melissa Hubbard,cody59@example.net,1974-07-13,Marshall Islands,70
Zachary Reyes,william21@example.com,2002-12-27,Bangladesh,53
Lori Stevens,john17@example.com,2018-10-28,Monaco,44
Amy Thomas,michele18@example.net,2006-07-25,Jordan,18
Stephanie Coleman,smithdaisy@example.com,1987-08-16,Austria,50
Jessica Lee,georgeshawn@example.org,1988-07-30,Egypt,26
Sarah Leblanc,halljulia@example.org,1986-06-25,Cocos (Keeling) Islands,43
Rebecca Rios DDS,ronaldgraham@example.org,2005-05-04,Antigua and Barbuda,18
Paul Zhang,mpitts@example.org,1991-02-15,Serbia,68
Caitlin Lang,robertbarrett@example.com,1977-12-19,Croatia,41
Reginald Smith,cathycrane@example.com,1999-02-01,Isle of Man,65
Amanda Gonzalez,elizabethjensen@example.net,2005-12-22,Zimbabwe,58
Sierra Wolf,gonzalessean@example.org,2018-09-16,Kyrgyz Republic,52
Kelly Munoz,lauragonzalez@example.org,1991-05-19,Svalbard & Jan Mayen Islands,54
Jessica Faulkner,kparsons@example.com,1993-06-16,Timor-Leste,37
Jennifer Marshall,anthonyrios@example.com,1977-11-23,Ecuador,32
James Kennedy,mroberson@example.com,2021-06-25,Bouvet Island (Bouvetoya),49
Clayton Thomas,perezlisa@example.com,1976-05-08,Albania,68
Tammy Watson,johnreyes@example.org,2021-01-30,Fiji,58
Jamie Ramirez,montesbarbara@example.com,1987-11-02,French Guiana,61
Mark Miller,andersonandrew@example.com,2001-05-16,China,48
Jordan Duffy,christopher11@example.com,1976-08-16,Slovakia (Slovak Republic),21
Cody Mccann,allison83@example.com,2004-02-01,Turkey,56
Colleen Miller,anthonyfrederick@example.com,1976-06-12,Thailand,26
Elizabeth Gonzalez,jzimmerman@example.net,1991-10-09,Egypt,68
Tracy Hansen,christian61@example.org,2016-03-16,Niue,59
Christine Robinson,micheleparsons@example.net,2013-05-22,French Polynesia,25
Barbara Morgan,kristenavila@example.com,2016-11-23,Ecuador,37
Lisa Hall,taylorsusan@example.net,1977-12-19,Svalbard & Jan Mayen Islands,58
Christopher Foley,uparks@example.org,2020-08-22,French Southern Territories,21
Martin Becker,garyperry@example.net,1977-04-28,Tokelau,65
Tyler Moreno,briancruz@example.org,1970-05-30,Marshall Islands,42
Brandy Conner MD,espinozatammy@example.net,1991-07-27,Guadeloupe,50
Julie Baker,bowmanapril@example.net,1977-12-05,Samoa,20
Chad Kelley,gmorris@example.com,2002-11-28,Malta,61
Richard Holland,troygutierrez@example.com,1983-05-24,Colombia,43
Charles Collins,bolson@example.com,1999-09-04,Macao,46
David Owen,dberry@example.org,1973-02-08,Denmark,48
Mary Doyle MD,charles04@example.com,1996-11-29,Jersey,40
Jasmine Frank,zholder@example.com,1972-03-08,Barbados,45
Lori Schneider,floresjames@example.org,2022-04-19,Congo,69
Donna Harris,rachel22@example.com,1984-01-26,Zambia,39
Eric Montgomery,tina33@example.com,2018-06-13,Pitcairn Islands,43
Alexandria Lewis,williamlyons@example.org,2000-12-12,Papua New Guinea,32
Jennifer Kirk,irios@example.net,2019-11-24,Samoa,53
Brittany Robinson,kstephens@example.org,2013-06-30,Dominican Republic,53
Jessica Willis,ashleyjoseph@example.net,2000-01-26,Guyana,20
Michael Brown,wendywelch@example.com,2016-01-25,United Kingdom,27
Steven Gray,timothymacdonald@example.org,1999-10-19,United States Minor Outlying Islands,42
Sarah Cochran,abigailgutierrez@example.org,1970-04-03,Turkmenistan,36
Richard Williams,brendaolson@example.org,1989-09-08,Congo,24
Jason Williams,ericmoore@example.net,1998-05-22,Israel,69
Patricia Wood,jennifer94@example.org,1995-04-25,Cyprus,65
Carl Tucker,barrjoseph@example.net,2006-09-01,Tuvalu,22
Erin Bishop,tracistone@example.net,2001-08-07,Chad,53
Michael Stewart,fbryant@example.org,1995-03-03,British Virgin Islands,37
Jonathan Potter,zsmith@example.org,1972-08-26,Martinique,52
Renee Mcpherson,umoore@example.org,1988-01-28,Paraguay,43
Michael Smith,ggray@example.org,2020-09-30,Lithuania,18
Brenda Chen,sharon60@example.net,2005-10-02,Macao,52
Susan Thompson,rsmith@example.net,1985-12-30,Jordan,64
Tammy Murphy,copelandnathaniel@example.org,1979-01-19,Venezuela,27
Jennifer Costa,michael43@example.com,1975-07-03,Marshall Islands,47
Shawn Brooks,wrightsean@example.com,2015-11-12,Tonga,40
Steven Jones,hwright@example.net,1995-12-14,Tonga,37
Wayne Mccarty,jenniferwoods@example.net,1992-10-24,United States Minor Outlying Islands,65
Jason Osborn,liyesenia@example.org,1993-01-18,Lao People's Democratic Republic,37
Stephanie Rose,allentimothy@example.net,1989-03-26,Somalia,20
Holly Barrett,gabriella31@example.com,2024-04-13,Madagascar,65
Alicia Vasquez,jameskristin@example.net,1972-06-07,Hong Kong,55
Joshua Stark,aallen@example.com,1970-01-28,Niue,39
Lisa Richards,barbara41@example.net,1991-10-28,Saint Barthelemy,64
Bill Woods,adam50@example.org,1986-01-11,Bouvet Island (Bouvetoya),56
Seth Lee,jackson04@example.net,2006-03-18,Honduras,42
Mark Graham,nnichols@example.org,2005-09-10,Congo,26
Dr. Melinda Morgan,heather57@example.org,1976-02-03,Togo,36
Sharon Johnson,hbrown@example.net,2014-01-10,Congo,66
Crystal Byrd,andrew98@example.com,1990-06-14,Saint Helena,35
Jonathan Phillips,thompsonmargaret@example.com,1972-11-20,Solomon Islands,24
Shannon Rogers,myoung@example.com,1994-10-17,Saint Martin,21
David Colon,anitahendrix@example.net,1982-08-11,Liechtenstein,35
Allen Ramsey DVM,patrickgonzalez@example.net,2023-09-18,Libyan Arab Jamahiriya,37
Jamie Rojas,richardsjesse@example.com,1974-04-16,United States of America,25
Melissa Bolton,bethingram@example.com,1980-09-17,Cocos (Keeling) Islands,52
Sophia Garcia,jennifersteele@example.org,2016-11-06,Benin,62
Amy Lane,ashley37@example.net,2009-02-15,Madagascar,28
Michael Reese,vlam@example.com,2022-06-22,Bulgaria,38
Mary Haas,briangallegos@example.org,2002-11-27,French Polynesia,23
Tyler Schneider,glindsey@example.org,1987-04-29,Ireland,41
James Marquez,rossmarcus@example.org,1973-08-28,Canada,33
Stephanie Roach,gainestrevor@example.com,1986-12-05,Turks and Caicos Islands,68
Amy Maynard,dianesalazar@example.com,1995-02-17,Comoros,49
Donna Lucas,richardssheila@example.com,2013-07-15,Saint Kitts and Nevis,18
Stephanie Lopez,sbooth@example.net,2018-03-14,Turkey,54
Cindy Petty,wilcoxkevin@example.net,1977-11-25,United Arab Emirates,53
Teresa Smith,hmorgan@example.com,2002-02-16,Paraguay,59
Maria Brown,batkinson@example.com,2011-02-03,Tokelau,61
Leslie Rosales,stephanie83@example.org,1996-05-26,Turkmenistan,24
Tracy Smith,kimberly34@example.org,2001-12-07,Israel,25
Daniel Charles,ortegatracey@example.com,1988-03-19,United States Minor Outlying Islands,48
Hayley Brown,cruzevan@example.org,2011-11-26,Guyana,39
Meghan Hobbs,boyerbrian@example.org,1977-06-24,Armenia,25
Leslie Watson,shannoncurtis@example.net,1983-07-17,Italy,48
Rebekah Cooper,jeffrey19@example.org,2016-10-03,Mali,30
Mrs. Kimberly Dennis,bmcclain@example.net,2012-01-30,Ecuador,31
Michael Carter,angela71@example.net,2002-02-07,Belarus,19
Sarah Morgan,morganmcpherson@example.net,1970-02-20,Ghana,33
Heather Bailey,cheryl15@example.com,1994-06-24,Brazil,31
Maria Bates,megan25@example.org,2016-09-10,North Macedonia,56
Philip Phillips,psilva@example.net,2021-12-04,Niger,58
Nathan Brown,makayla53@example.com,2000-04-03,Iran,56
Arthur Jackson,kelly40@example.org,2009-11-01,Namibia,34
Wendy Reyes,amandacochran@example.com,1990-07-12,Malawi,38
Katherine Valdez,jameslucas@example.com,1993-05-09,Tonga,35
Dana Schmidt,jacksonregina@example.net,2003-05-08,Liberia,66
Michael Reed,holly09@example.com,1975-02-09,Maldives,59
Carol Rodriguez,ebray@example.net,1972-02-17,Bhutan,45
Kelly Potter,nfletcher@example.org,1988-05-10,France,22
Ashley Martin,fowens@example.org,1993-06-03,Norway,69
Kaylee Castaneda,eric32@example.org,1983-08-08,Oman,24
Ashley Miller,amanda56@example.com,2001-03-02,Bolivia,50
Michael Brooks,boydkayla@example.com,1984-01-16,Antarctica (the territory South of 60 deg S),43
Ricky Brown,davisjulie@example.org,1973-01-30,Hong Kong,31
Craig Kennedy,danielherman@example.org,2023-04-04,Mongolia,38
Andrew Peterson,crobinson@example.net,2003-02-27,Sudan,57
Katie Richardson,wvance@example.net,2016-08-20,Saint Pierre and Miquelon,53
Brendan Moore,andrea20@example.net,1990-05-28,Pitcairn Islands,23
Walter Barton,taylorbryan@example.net,1991-01-01,Solomon Islands,40
William Grimes,brownrichard@example.com,2007-05-23,Comoros,56
Jacqueline Holt,christopherdiaz@example.org,2012-08-27,Syrian Arab Republic,47
Meghan Mclean,vmorgan@example.org,1976-07-06,Myanmar,62
Jennifer Holloway,yyoung@example.org,2007-04-03,Puerto Rico,60
Anthony Harris,christophergonzalez@example.org,2024-04-29,Pakistan,27
Ashley Ferguson,meltondaniel@example.com,1991-10-10,Ethiopia,26
Sabrina Bishop,mblanchard@example.com,2014-11-13,Mozambique,57
Kristina Ramirez,jamie32@example.net,2009-05-31,Honduras,33
Ms. Kara Christian,ymccoy@example.net,1992-05-01,Svalbard & Jan Mayen Islands,30
Mrs. Ashley Ellis,obrienmiranda@example.com,2007-07-31,Costa Rica,61
Christopher Silva,morganelizabeth@example.com,1995-03-20,Bouvet Island (Bouvetoya),28
Austin Pham DDS,rmoore@example.org,1998-11-12,Saint Helena,40
Stacey Singleton,heather24@example.com,1986-12-02,Nepal,69
Thomas Adams,nrice@example.org,2002-06-17,Cook Islands,57
Michelle Wagner,kristenshelton@example.org,1989-01-01,Tanzania,45
Andrea Durham,maryrodriguez@example.org,1971-05-18,Cote d'Ivoire,65
Amanda Williams,tammyhamilton@example.net,1985-11-08,Benin,69
Leah Maynard,peckkimberly@example.com,2008-11-21,Azerbaijan,22
Kevin Larson,hgoodwin@example.net,1987-02-25,Taiwan,52
Benjamin Compton,blackdaniel@example.net,1974-07-18,Ireland,29
David Benjamin,cassiechapman@example.net,1984-08-14,Ethiopia,19
Judith Hooper,princechristopher@example.net,2017-02-03,Syrian Arab Republic,29
James Bennett,cmadden@example.org,2016-10-02,Hungary,65
Barbara Hart,gonzalezjoshua@example.com,1975-06-12,Gambia,31
Jessica Young,drivera@example.com,2008-06-16,Kazakhstan,64
Mary Ortiz,michaelcampbell@example.com,2018-04-25,Netherlands Antilles,51
Kevin Ritter,markhancock@example.com,1988-05-09,Uzbekistan,39
Daniel Brown,dana53@example.org,2008-04-05,Haiti,51
Veronica Mora,trevinocarolyn@example.com,2002-04-30,Liechtenstein,46
Jillian Gomez,jacksonmary@example.net,1979-05-08,Cyprus,58
Emily Maldonado,heatherhicks@example.org,1976-05-16,Egypt,67
Stacy Diaz,xchavez@example.net,2012-02-06,United Arab Emirates,18
Leslie Charles,slee@example.net,2024-03-15,Peru,34
Raymond Wheeler,tanderson@example.org,2001-04-05,Dominica,38
Jacob Howard,davidrodriguez@example.org,2004-08-31,Bangladesh,25
Joseph Thomas V,rachaelgarcia@example.net,1983-07-28,Mauritania,52
Randall Poole,garciavalerie@example.org,1976-11-11,Jordan,58
Joseph Richardson,caroline11@example.net,1994-02-02,Sao Tome and Principe,62
Jenna Fox,kimberly72@example.com,2018-07-29,Tuvalu,53
Sarah Garcia,michaelbullock@example.com,1993-10-01,Armenia,52
Tonya Gonzales,meganadams@example.com,1997-02-14,Tanzania,38
John Reed,james51@example.org,2008-04-10,Vanuatu,54
Alice Sanders,curtis25@example.org,1994-12-08,Greece,49
Frank Williams,dennis13@example.net,1994-05-16,Saint Kitts and Nevis,19
Andrew Nunez,vsanders@example.net,2002-03-14,Cyprus,55
Gregory Austin,mark77@example.com,1977-05-07,Sweden,59
Jeremy Richards,cruzmark@example.com,1988-05-05,Sao Tome and Principe,68
John Pierce,ekeller@example.org,1999-01-31,Afghanistan,63
Ariana Wilkerson,hansenjoshua@example.net,1998-02-02,Netherlands,43
Whitney Howell,mosscourtney@example.com,1975-04-06,Chad,38
Alan Fields,aroberts@example.net,1983-04-28,Taiwan,45
Melvin Patel,xgreen@example.net,1998-04-13,French Guiana,50
Kimberly Webb,ryangonzalez@example.net,1986-04-07,Belarus,24
Danielle Estrada,djackson@example.com,1979-08-19,Azerbaijan,57
Kristopher Kennedy,kristi87@example.org,1995-01-27,Albania,54
Alex Wheeler,kimberly98@example.org,2019-05-09,United Arab Emirates,62
Christopher Good,duanesalas@example.org,1997-11-21,Uzbekistan,34
Donna Perkins,kelly98@example.org,1981-06-12,Angola,25
Aimee Davis,careyeric@example.org,1971-05-09,Kuwait,61
Michael Payne,christopherterry@example.net,1978-10-09,Italy,41
Dennis Johnson,maddoxlaura@example.com,2000-04-24,Korea,61
Melissa Dominguez,andrea90@example.com,1983-03-14,Slovenia,59
Sharon Harper,savannah71@example.net,1984-12-26,United States of America,54
Eric Cook,jenniferbrown@example.com,1999-11-13,Mozambique,69
Nancy Ramirez,kbrewer@example.net,2018-05-24,Haiti,66
Sheila Burke,ochoabradley@example.net,1972-04-30,Egypt,22
Thomas Kelley,chelsea05@example.org,1995-11-16,British Indian Ocean Territory (Chagos Archipelago),61
Benjamin Hampton,daviesmelissa@example.org,2003-04-21,Falkland Islands (Malvinas),56
Deborah Gilbert,martinamber@example.net,1982-09-27,Portugal,26
Kevin Robbins,bowmancrystal@example.org,1986-04-15,Fiji,61
Heather Roberts,willislori@example.com,2000-08-04,Ukraine,43
Jessica Burton MD,hortonjacqueline@example.org,1988-04-27,Paraguay,38
Bonnie Young,colleendavis@example.org,2015-12-28,Chad,31
Timothy Wright,nicolelynch@example.com,1991-07-29,Jordan,38
Natasha Hoover,pramirez@example.com,2015-02-18,Malawi,59
Robert Young,scott57@example.org,2024-03-26,Bangladesh,41
Susan Sharp,jane73@example.org,1998-10-08,Qatar,35
Madison Sullivan,taylorshane@example.net,2011-02-14,Philippines,52
Allison Guerrero,james43@example.com,1981-09-09,Puerto Rico,46
Lisa Ortiz,scottnicole@example.org,2019-01-20,Austria,43
Charles Allen,lorismith@example.net,2020-09-18,Rwanda,35
Michael Sandoval,garciaamanda@example.net,1997-06-23,Georgia,63
Lindsey Carter,ramirezangela@example.com,1976-12-24,Nigeria,45
Patrick Yates,egrimes@example.org,1999-03-13,Burkina Faso,58
Jaime Stephens,grace20@example.net,1992-06-11,Ukraine,54
Lisa Dean,greerpatricia@example.com,1999-01-13,Sweden,31
Nichole Lambert,schmidtlisa@example.com,1991-03-15,Reunion,19
William Morton,danieltodd@example.org,1986-08-09,Comoros,58
Leah Freeman,lspencer@example.org,1986-01-21,Armenia,69
Jacob Smith,sandy38@example.net,1973-10-15,Martinique,21
Carl Lee,michellerivera@example.org,1993-01-23,Cote d'Ivoire,56
Stephen Kirby,agonzales@example.net,1978-06-05,Dominica,63
Timothy Kelly,pittmanwilliam@example.org,1985-06-30,Cambodia,51
April Krueger,steven52@example.net,1998-04-02,Guinea-Bissau,41
Rachel Bell,wendy27@example.net,2012-07-31,Malawi,35
Michele Hernandez,swilson@example.com,2007-06-25,Gibraltar,43
Mary Young,tanyaalvarez@example.com,2024-06-30,Mozambique,39
Cassandra Perez,michelle82@example.org,1991-04-07,Jordan,40
Barbara Walters,martinezchristopher@example.net,2017-08-27,Oman,29
Kelly Williamson,hamptonkatherine@example.org,1992-12-07,Sierra Leone,39
Glen Garcia,bakerheidi@example.com,1984-11-10,Turks and Caicos Islands,37
Kristine Berg MD,amy04@example.org,2017-09-10,Oman,41
James Rivera,doris71@example.org,1983-08-19,Samoa,36
Paula Taylor,lauranicholson@example.org,1999-07-23,Djibouti,36
Sabrina Cabrera,cjensen@example.org,1972-04-11,Grenada,62
William Graham,xrodriguez@example.net,1994-11-19,Christmas Island,24
Michael Ramirez,kenneth64@example.org,2010-04-30,Wallis and Futuna,21
Jennifer Love,brandonrobinson@example.com,1997-06-17,Namibia,55
Tina Kelley,lisa59@example.org,1978-01-25,Malawi,36
Anthony Frazier,diane81@example.org,2007-08-16,Paraguay,47
Scott Morgan,kimberly71@example.org,1988-09-09,American Samoa,52
David Hill,philip18@example.org,2007-03-30,Antarctica (the territory South of 60 deg S),31
Gina Mclean,josephduncan@example.net,1995-07-29,Bulgaria,19
Dillon Morrison,aphelps@example.net,2021-06-29,Lao People's Democratic Republic,44
Douglas Wade,qking@example.com,1982-03-21,Myanmar,58
Harry Wilson,omartin@example.org,1977-09-23,Bosnia and Herzegovina,38
Melissa Stewart,tracy47@example.org,2012-09-11,Namibia,57
Sarah Richardson,blake37@example.com,2003-07-24,Timor-Leste,64
Michelle Williams,ulopez@example.com,2014-03-20,Congo,42
Anthony Figueroa DDS,uhunt@example.net,1990-02-27,Czech Republic,29
Dorothy Cooper,mbarrett@example.org,1986-06-27,Iraq,49
Christopher Thompson,jessica11@example.org,1992-04-28,Korea,39
Richard Watkins,gabrielawhite@example.net,1989-12-12,Cameroon,31
Andrew Harrington,victoria09@example.org,2001-04-09,Brunei Darussalam,19
Suzanne Rogers,james87@example.net,1977-06-21,Singapore,56
Larry Bennett,xmiller@example.com,1994-07-10,Senegal,29
Linda Riggs,douglasgarcia@example.net,2011-12-25,Saudi Arabia,22
Daniel Bennett,joshua09@example.com,1973-03-18,Saint Lucia,22
Lauren Garcia,amandawilson@example.org,2001-09-25,Jamaica,68
Joel Riddle,ujohnson@example.net,1990-06-03,Oman,66
Shelby Brown,lortiz@example.net,1980-09-28,Nicaragua,62
David Smith DVM,nicole16@example.org,1977-12-11,Iceland,58
Stephanie Pearson,heathermartin@example.org,2018-08-19,British Indian Ocean Territory (Chagos Archipelago),38
Lauren Thomas,irice@example.com,1973-07-15,Reunion,40
Ashley Macdonald,curtis02@example.com,1974-03-23,Bulgaria,62
Erika Ayers,jhughes@example.com,1980-11-07,Western Sahara,23
Ashley Johnson,courtney46@example.net,1993-05-27,Botswana,50
Todd Parker,ssmith@example.net,2013-10-02,Eritrea,51
Dale Smith,brandonpatterson@example.org,1993-02-12,Kyrgyz Republic,22
Michelle Reid,jason62@example.net,2019-12-08,Seychelles,22
Jane Barker,davidchoi@example.net,2023-05-22,Chad,29
Brian Moore,kelly43@example.org,2021-02-25,Estonia,19
Brent Winters,paul82@example.net,2023-07-13,Nepal,59
Cynthia Olson,jeffrey23@example.net,1972-01-14,Guatemala,51
Sarah Oneill,monica75@example.net,2012-12-20,Honduras,63
Janet Love,kingrachel@example.net,2002-08-03,Faroe Islands,66
Kelli Moss,roberthouse@example.com,1980-02-06,Faroe Islands,66
Stephanie Hays,phillip21@example.org,1971-12-17,Egypt,57
Peter Garcia,kathymoran@example.com,1986-06-04,India,33
Patrick Dougherty,jamie13@example.com,2017-10-13,Turkey,28
Robert Hess,malonemichelle@example.org,1993-12-20,Bangladesh,20
Andrea Lee,barberkristin@example.net,2021-05-04,Somalia,54
Michael Ortiz,atkinsdouglas@example.org,2019-05-08,Liberia,27
Jason Wright,glennrodriguez@example.com,2011-11-13,Honduras,59
Barbara Jackson,gainesjulie@example.org,2003-07-28,Guernsey,59
Brandon Stanley,ronnie66@example.net,1970-03-18,Russian Federation,34
Jacqueline Richards,peggy61@example.com,1991-04-06,Maldives,54
Melanie Martin,ucummings@example.net,2006-11-11,Honduras,51
Timothy Andrade,katherine58@example.com,1991-02-03,Lao People's Democratic Republic,26
Zachary Wilson,chavezkyle@example.org,2003-06-03,Anguilla,22
Timothy Weiss,haleylawrence@example.com,1980-05-26,Malaysia,35
Lindsay Branch,nicholasriley@example.org,2009-01-08,Qatar,54
Nancy Hoffman,lisascott@example.org,1970-06-30,Guinea-Bissau,26
